movie name,duration,genre,ratings,description,Director,votes
The Shawshank Redemption,142 min,Drama,9.3,"Two imprisoned men bond over a number of years, finding solace and eventual redemption through acts of common decency.",Frank Darabont,2033239
The Godfather,175 min,"Crime, Drama",9.2,The aging patriarch of an organized crime dynasty transfers control of his clandestine empire to his reluctant son.,Francis Ford Coppola,1394179
The Dark Knight,152 min,"Action, Crime, Drama",9.0,"When the menace known as the Joker emerges from his mysterious past, he wreaks havoc and chaos on the people of Gotham. The Dark Knight must accept one of the greatest psychological and physical tests of his ability to fight injustice.",Christopher Nolan,2001026
The Godfather: Part II,202 min,"Crime, Drama",9.0,"The early life and career of Vito Corleone in 1920s New York City is portrayed, while his son, Michael, expands and tightens his grip on the family crime syndicate.",Francis Ford Coppola,966187
The Lord of the Rings: The Return of the King,201 min,"Action, Adventure, Drama",8.9,Gandalf and Aragorn lead the World of Men against Sauron's army to draw his gaze from Frodo and Sam as they approach Mount Doom with the One Ring.,Peter Jackson,1447736
Pulp Fiction,154 min,"Crime, Drama",8.9,"The lives of two mob hitmen, a boxer, a gangster's wife, and a pair of diner bandits intertwine in four tales of violence and redemption.",Quentin Tarantino,1587845
Schindler's List,195 min,"Biography, Drama, History",8.9,"In German-occupied Poland during World War II, Oskar Schindler gradually becomes concerned for his Jewish workforce after witnessing their persecution by the Nazi Germans.",Steven Spielberg,1051453
12 Angry Men,96 min,Drama,8.9,A jury holdout attempts to prevent a miscarriage of justice by forcing his colleagues to reconsider the evidence.,Sidney Lumet,571975
Fight Club,139 min,Drama,8.8,"An insomniac office worker and a devil-may-care soapmaker form an underground fight club that evolves into something much, much more.",David Fincher,1627035
The Lord of the Rings: The Fellowship of the Ring,178 min,"Adventure, Drama, Fantasy",8.8,A meek Hobbit from the Shire and eight companions set out on a journey to destroy the powerful One Ring and save Middle-earth from the Dark Lord Sauron.,Peter Jackson,1464417
Forrest Gump,142 min,"Drama, Romance",8.8,"The presidencies of Kennedy and Johnson, Vietnam, Watergate, and other history unfold through the perspective of an Alabama man with an IQ of 75.",Robert Zemeckis,1552506
The Lord of the Rings: The Two Towers,179 min,"Adventure, Drama, Fantasy",8.7,"While Frodo and Sam edge closer to Mordor with the help of the shifty Gollum, the divided fellowship makes a stand against Sauron's new ally, Saruman, and his hordes of Isengard.",Peter Jackson,1308944
Goodfellas,146 min,"Crime, Drama",8.7,"The story of Henry Hill and his life in the mob, covering his relationship with his wife Karen Hill and his mob partners Jimmy Conway and Tommy DeVito in the Italian-American crime syndicate.",Martin Scorsese,877054
One Flew Over the Cuckoo's Nest,133 min,Drama,8.7,A criminal pleads insanity after getting into trouble again and once in the mental institution rebels against the oppressive nurse and rallies up the scared patients.,Milos Forman,807755
Shichinin no samurai,207 min,"Adventure, Drama",8.7,A poor village under attack by bandits recruits seven unemployed samurai to help them defend themselves.,Akira Kurosawa,275362
Interstellar,169 min,"Adventure, Drama, Sci-Fi",8.6,A team of explorers travel through a wormhole in space in an attempt to ensure humanity's survival.,Christopher Nolan,1242458
Cidade de Deus,130 min,"Crime, Drama",8.6,"In the slums of Rio, two kids' paths diverge as one struggles to become a photographer and the other a kingpin.",Fernando Meirelles,627816
Saving Private Ryan,169 min,"Drama, War",8.6,"Following the Normandy Landings, a group of U.S. soldiers go behind enemy lines to retrieve a paratrooper whose brothers have been killed in action.",Steven Spielberg,1073301
La vita e bella,116 min,"Comedy, Drama, Romance",8.6,"When an open-minded Jewish librarian and his son become victims of the Holocaust, he uses a perfect mixture of will, humor, and imagination to protect his son from the dangers around their camp.",Roberto Benigni,533055
Se7en,127 min,"Crime, Drama, Mystery",8.6,"Two detectives, a rookie and a veteran, hunt a serial killer who uses the seven deadly sins as his motives.",David Fincher,1244291
Leon,110 min,"Crime, Drama, Thriller",8.6,"Mathilda, a 12-year-old girl, is reluctantly taken in by Leon, a professional assassin, after her family is murdered. Leon and Mathilda form an unusual relationship, as she becomes his protegee and learns the assassin's trade.",Luc Besson,893526
The Silence of the Lambs,118 min,"Crime, Drama, Thriller",8.6,"A young FBI cadet must receive the help of an incarcerated and manipulative cannibal killer to help catch another serial killer, a madman who skins his victims.",Jonathan Demme,1093287
It's a Wonderful Life,130 min,"Drama, Family, Fantasy",8.6,An angel is sent from Heaven to help a desperately frustrated businessman by showing him what life would have been like if he had never existed.,Frank Capra,345797
Dangal,161 min,"Action, Biography, Drama",8.5,Former wrestler Mahavir Singh Phogat and his two wrestler daughters struggle towards glory at the Commonwealth Games in the face of societal oppression.,Nitesh Tiwari,112200
Whiplash,106 min,"Drama, Music",8.5,A promising young drummer enrolls at a cut-throat music conservatory where his dreams of greatness are mentored by an instructor who will stop at nothing to realize a student's potential.,Damien Chazelle,587676
The Intouchables,112 min,"Biography, Comedy, Drama",8.5,"After he becomes a quadriplegic from a paragliding accident, an aristocrat hires a young man from the projects to be his caregiver.",Olivier Nakache,649720
The Prestige,130 min,"Drama, Mystery, Sci-Fi",8.5,"After a tragic accident, two stage magicians engage in a battle to create the ultimate illusion while sacrificing everything they have to outwit each other.",Christopher Nolan,1033782
The Departed,151 min,"Crime, Drama, Thriller",8.5,An undercover cop and a mole in the police attempt to identify each other while infiltrating an Irish gang in South Boston.,Martin Scorsese,1045083
The Pianist,150 min,"Biography, Drama, Music",8.5,A Polish Jewish musician struggles to survive the destruction of the Warsaw ghetto of World War II.,Roman Polanski,619338
Gladiator,155 min,"Action, Adventure, Drama",8.5,A former Roman General sets out to exact vengeance against the corrupt emperor who murdered his family and sent him into slavery.,Ridley Scott,1175918
The Green Mile,189 min,"Crime, Drama, Fantasy",8.5,"The lives of guards on Death Row are affected by one of their charges: a black man accused of child murder and rape, yet who has a mysterious gift.",Frank Darabont,976480
American History X,119 min,Drama,8.5,A former neo-nazi skinhead tries to prevent his younger brother from going down the same wrong path that he did.,Tony Kaye,926544
The Lion King,88 min,"Animation, Adventure, Drama",8.5,"A Lion cub crown prince is tricked by a treacherous uncle into thinking he caused his father's death and flees into exile in despair, only to learn in adulthood his identity and his responsibilities.",Roger Allers,804977
Nuovo Cinema Paradiso,155 min,Drama,8.5,A filmmaker recalls his childhood when falling in love with the pictures at the cinema of his home village and forms a deep friendship with the cinema's projectionist.,Giuseppe Tornatore,194278
Hotaru no haka,89 min,"Animation, Drama, War",8.5,A young boy and his little sister struggle to survive in Japan during World War II.,Isao Takahata,187744
Apocalypse Now,147 min,"Drama, War",8.5,"During the Vietnam War, Captain Willard is sent on a dangerous mission into Cambodia to assassinate a renegade Colonel who has set himself up as a god among a local tribe.",Francis Ford Coppola,533110
Casablanca,102 min,"Drama, Romance, War",8.5,A cynical nightclub owner protects an old flame and her husband from Nazis in Morocco.,Michael Curtiz,463517
The Great Dictator,125 min,"Comedy, Drama, War",8.5,Dictator Adenoid Hynkel tries to expand his empire while a poor Jewish barber tries to avoid persecution from Hynkel's regime.,Charles Chaplin,174538
Modern Times,87 min,"Comedy, Drama, Family",8.5,The Tramp struggles to live in modern industrial society with the help of a young homeless woman.,Charles Chaplin,183441
City Lights,87 min,"Comedy, Drama, Romance",8.5,"With the aid of a wealthy erratic tippler, a dewy-eyed tramp who has fallen in love with a sightless flower girl accumulates money to be able to help her medically.",Charles Chaplin,141290
Kimi no na wa.,106 min,"Animation, Drama, Fantasy",8.4,"Two strangers find themselves linked in a bizarre way. When a connection forms, will distance be the only thing to keep them apart?",Makoto Shinkai,118121
Django Unchained,165 min,"Drama, Western",8.4,"With the help of a German bounty hunter, a freed slave sets out to rescue his wife from a brutal Mississippi plantation owner.",Quentin Tarantino,1172335
3 Idiots,170 min,"Comedy, Drama",8.4,"Two friends are searching for their long lost companion. They revisit their college days and recall the memories of their friend who inspired them to think differently, even as the rest of the world called them ""idiots"".",Rajkumar Hirani,288869
Taare Zameen Par,165 min,"Drama, Family",8.4,"An eight-year-old boy is thought to be a lazy trouble-maker, until the new art teacher has the patience and compassion to discover the real problem behind his struggles in school.",Aamir Khan,134464
Babam ve Oglum,108 min,"Drama, Family",8.4,The family of a left-wing journalist is torn apart after a military coup in 1980's Turkey.,cagan Irmak,63222
The Lives of Others,137 min,"Drama, Thriller",8.4,"In 1984 East Berlin, an agent of the secret police, conducting surveillance on a writer and his lover, finds himself becoming increasingly absorbed by their lives.",Florian Henckel von Donnersmarck,313787
Oldeuboi,101 min,"Action, Drama, Mystery",8.4,"After being kidnapped and imprisoned for fifteen years, Oh Dae-Su is released, only to find that he must find his captor in five days.",Chan-wook Park,443811
American Beauty,122 min,Drama,8.4,A sexually frustrated suburban father has a mid-life crisis after becoming infatuated with his daughter's best friend.,Sam Mendes,967800
Braveheart,178 min,"Biography, Drama, History",8.4,"When his secret bride is executed for assaulting an English soldier who tried to rape her, Sir William Wallace begins a revolt against King Edward I of England.",Mel Gibson,872024
Once Upon a Time in America,229 min,"Crime, Drama",8.4,"A former Prohibition-era Jewish gangster returns to the Lower East Side of Manhattan over thirty years later, where he once again must confront the ghosts and regrets of his old life.",Sergio Leone,268906
Das Boot,149 min,"Adventure, Drama, Thriller",8.4,"The claustrophobic world of a WWII German U-boat; boredom, filth and sheer terror.",Wolfgang Petersen,203448
The Shining,146 min,"Drama, Horror",8.4,"A family heads to an isolated hotel for the winter where an evil spiritual presence influences the father into violence, while his psychic son sees horrific forebodings from both past and future.",Stanley Kubrick,754646
Witness for the Prosecution,116 min,"Crime, Drama, Mystery",8.4,A veteran British barrister must defend his client in a murder trial that has surprise after surprise.,Billy Wilder,87981
Paths of Glory,88 min,"Drama, War",8.4,"After refusing to attack an enemy position, a general accuses the soldiers of cowardice and their commanding officer must defend them.",Stanley Kubrick,151185
Sunset Blvd.,110 min,"Drama, Film-Noir",8.4,"A screenwriter is hired to rework a faded silent film star's script, only to find himself developing a dangerous relationship.",Billy Wilder,173630
Citizen Kane,119 min,"Drama, Mystery",8.4,"Following the death of a publishing tycoon, news reporters scramble to discover the meaning of his final utterance.",Orson Welles,354773
Drishyam,163 min,"Crime, Drama, Thriller",8.3,"Desperate measures are taken by a man who tries to save his family from the dark side of the law, after they commit an unexpected crime.",Nishikant Kamat,51459
Jagten,115 min,Drama,8.3,"A teacher lives a lonely life, all the while struggling over his son's custody. His life slowly gets better as he finds love and receives good news from his son, but his new luck is about to be brutally shattered by an innocent little lie.",Thomas Vinterberg,232275
Jodaeiye Nader az Simin,123 min,Drama,8.3,A married couple are faced with a difficult decision - to improve the life of their child by moving to another country or to stay in Iran and look after a deteriorating parent who has Alzheimer's disease.,Asghar Farhadi,189927
Bohemian Rhapsody,134 min,"Biography, Drama, Music",8.3,"The story of the legendary rock music band Queen and lead singer Freddie Mercury, leading up to their famous performance at Live Aid (1985).",Bryan Singer,166125
Inglourious Basterds,153 min,"Adventure, Drama, War",8.3,"In Nazi-occupied France during World War II, a plan to assassinate Nazi leaders by a group of Jewish U.S. soldiers coincides with a theatre owner's vengeful plans for the same.",Quentin Tarantino,1084168
Eternal Sunshine of the Spotless Mind,108 min,"Drama, Romance, Sci-Fi",8.3,"When their relationship turns sour, a couple undergoes a medical procedure to have each other erased from their memories.",Michel Gondry,802029
Requiem for a Dream,102 min,Drama,8.3,The drug-induced utopias of four Coney Island people are shattered when their addictions run deep.,Darren Aronofsky,682704
L.A. Confidential,138 min,"Crime, Drama, Mystery",8.3,"As corruption grows in 1950s LA, three policemen - one strait-laced, one brutal, and one sleazy - investigate a series of murders with their own brand of justice.",Curtis Hanson,482761
Good Will Hunting,126 min,"Drama, Romance",8.3,"Will Hunting, a janitor at M.I.T., has a gift for mathematics, but needs help from a psychologist to find direction in his life.",Gus Van Sant,744096
Bacheha-Ye aseman,89 min,"Drama, Family",8.3,"After a boy loses his sister's pair of shoes, he goes on a series of adventures in order to find them. When he can't, he tries a new way to ""win"" a new pair.",Majid Majidi,49083
Eskiya,128 min,"Crime, Drama, Thriller",8.3,"Baran the Bandit, released from prison after 35 years searches for vengeance and his lover.",Yavuz Turgul,53445
Reservoir Dogs,99 min,"Crime, Drama, Thriller",8.3,A crime boss assembles a team of six experienced criminals to pull off a large jewellery heist.,Quentin Tarantino,799091
Full Metal Jacket,116 min,"Drama, War",8.3,A pragmatic U.S. Marine observes the dehumanizing effects the Vietnam War has on his fellow recruits from their brutal boot camp training to the bloody street fighting in Hue.,Stanley Kubrick,591190
Amadeus,160 min,"Biography, Drama, History",8.3,"The life, success and troubles of Wolfgang Amadeus Mozart, as told by Antonio Salieri, the contemporary composer who was insanely jealous of Mozart's talent and claimed to have murdered him.",Milos Forman,327735
Scarface,170 min,"Crime, Drama",8.3,"In Miami in 1980, a determined Cuban immigrant takes over a drug cartel and succumbs to greed.",Brian De Palma,645708
Taxi Driver,114 min,"Crime, Drama",8.3,"A mentally unstable veteran works as a nighttime taxi driver in New York City, where the perceived decadence and sleaze fuels his urge for violent action by attempting to liberate a presidential campaign worker and an underage prostitute.",Martin Scorsese,617690
The Sting,129 min,"Comedy, Crime, Drama",8.3,Two grifters team up to pull off the ultimate con.,George Roy Hill,213608
A Clockwork Orange,136 min,"Crime, Drama, Sci-Fi",8.3,"In the future, a sadistic gang leader is imprisoned and volunteers for a conduct-aversion experiment, but it doesn't go as planned.",Stanley Kubrick,669559
To Kill a Mockingbird,129 min,"Crime, Drama",8.3,"Atticus Finch, a lawyer in the Depression-era South, defends a black man against an undeserved rape charge, and his children against prejudice.",Robert Mulligan,264787
Lawrence of Arabia,216 min,"Adventure, Biography, Drama",8.3,"The story of T.E. Lawrence, the English officer who successfully united and led the diverse, often warring, Arab tribes during World War I in order to fight the Turks.",David Lean,235301
Yojinbo,110 min,"Action, Drama, Thriller",8.3,A crafty ronin comes to a town divided by two criminal gangs and decides to play them against each other to free the town.,Akira Kurosawa,94036
The Apartment,125 min,"Comedy, Drama, Romance",8.3,"A man tries to rise in his company by letting its executives use his apartment for trysts, but complications and a romance of his own ensue.",Billy Wilder,138872
Ikiru,143 min,Drama,8.3,A bureaucrat tries to find a meaning in his life after he discovers he has terminal cancer.,Akira Kurosawa,56912
Rashomon,88 min,"Crime, Drama, Mystery",8.3,"The rape of a bride and the murder of her samurai husband are recalled from the perspectives of a bandit, the bride, the samurai's ghost and a woodcutter.",Akira Kurosawa,129850
All About Eve,138 min,Drama,8.3,An ingenue insinuates herself into the company of an established but aging stage actress and her circle of theater friends.,Joseph L. Mankiewicz,104599
Ladri di biciclette,89 min,Drama,8.3,"In post-war Italy, a working-class man's bicycle is stolen. He and his son set out to find it.",Vittorio De Sica,122293
Double Indemnity,107 min,"Crime, Drama, Film-Noir",8.3,An insurance representative lets himself be talked into a murder/insurance fraud scheme that arouses the suspicion of an insurance investigator.,Billy Wilder,123506
Metropolis,153 min,"Drama, Sci-Fi",8.3,"In a futuristic city sharply divided between the working class and the city planners, the son of the city's mastermind falls in love with a working class prophet who predicts the coming of a savior to mediate their differences.",Fritz Lang,139018
The Kid,68 min,"Comedy, Drama, Family",8.3,"The Tramp cares for an abandoned child, but events put that relationship in jeopardy.",Charles Chaplin,92628
Roma,135 min,Drama,8.2,A story that chronicles a year in the life of a middle-class family's maid in Mexico City in the early 1970s.,Alfonso Cuaron,33492
"Three Billboards Outside Ebbing, Missouri",115 min,"Comedy, Crime, Drama",8.2,A mother personally challenges the local authorities to solve her daughter's murder when they fail to catch the culprit.,Martin McDonagh,306803
Room,118 min,"Drama, Thriller",8.2,"Held captive for years in an enclosed space, a woman and her young son finally gain their freedom, allowing the boy to experience the outside world for the first time.",Lenny Abrahamson,297998
Mandariinid,87 min,"Drama, War",8.2,"War in Georgia, Apkhazeti region in 1990. An Estonian man Ivo has stayed behind to harvest his crops of tangerines. In a bloody conflict at his door, a wounded man is left behind, and Ivo is forced to take him in.",Zaza Urushadze,31549
Kis Uykusu,196 min,Drama,8.2,A hotel owner and landlord in a remote Turkish village deals with conflicts within his family and a tenant behind on his rent.,Nuri Bilge Ceylan,35064
Inside Out,95 min,"Animation, Adventure, Comedy",8.2,"After young Riley is uprooted from her Midwest life and moved to San Francisco, her emotions - Joy, Fear, Anger, Disgust and Sadness - conflict on how best to navigate a new city, house, and school.",Pete Docter,513130
El secreto de sus ojos,129 min,"Drama, Mystery, Romance",8.2,A retired legal counselor writes a novel hoping to find closure for one of his past unresolved homicide cases and for his unreciprocated love with his superior - both of which still haunt him decades later.,Juan Jose Campanella,168291
Warrior,140 min,"Drama, Sport",8.2,"The youngest son of an alcoholic former boxer returns home, where he's trained by his father for competition in a mixed martial arts tournament - a path that puts the fighter on a collision course with his estranged, older brother.",Gavin O'Connor,395646
Incendies,131 min,"Drama, Mystery, War",8.2,Twins journey to the Middle East to discover their family history and fulfill their mother's last wishes.,Denis Villeneuve,118546
The Wolf of Wall Street,180 min,"Biography, Comedy, Crime",8.2,"Based on the true story of Jordan Belfort, from his rise to a wealthy stock-broker living the high life to his fall involving crime, corruption and the federal government.",Martin Scorsese,997247
There Will Be Blood,158 min,Drama,8.2,"A story of family, religion, hatred, oil and madness, focusing on a turn-of-the-century prospector in the early days of the business.",Paul Thomas Anderson,451712
Pan's Labyrinth,118 min,"Drama, Fantasy, War",8.2,"In the falangist Spain of 1944, the bookish young stepdaughter of a sadistic army officer escapes into an eerie but captivating fantasy world.",Guillermo del Toro,558006
V for Vendetta,132 min,"Action, Drama, Sci-Fi",8.2,"In a future British tyranny, a shadowy freedom fighter, known only by the alias of ""V"", plots to overthrow it with the help of a young woman.",James McTeigue,932072
Rang De Basanti,157 min,"Comedy, Drama",8.2,"The story of six young Indians who assist an English Woman to film a documentary on the extremist freedom fighters from their past, and the events that lead them to relive the long forgotten saga of freedom.",Rakeysh Omprakash Mehra,97731
Der Untergang,156 min,"Biography, Drama, History",8.2,"Traudl Junge, the final secretary for Adolf Hitler, tells of the Nazi dictator's final days in his Berlin bunker at the end of WWII.",Oliver Hirschbiegel,297245
A Beautiful Mind,135 min,"Biography, Drama",8.2,"After John Nash, a brilliant but asocial mathematician, accepts secret work in cryptography, his life takes a turn for the nightmarish.",Ron Howard,749390
Trainspotting,93 min,Drama,8.2,"Renton, deeply immersed in the Edinburgh drug scene, tries to clean up and get out, despite the allure of the drugs and influence of friends.",Danny Boyle,576116
Heat,170 min,"Crime, Drama, Thriller",8.2,A group of professional bank robbers start to feel the heat from police when they unknowingly leave a clue at their latest heist.,Michael Mann,511584
Casino,178 min,"Crime, Drama",8.2,"A tale of greed, deception, money, power, and murder occur between two best friends: a mafia enforcer and a casino executive, compete against each other over a gambling empire, and over a fast living and fast loving socialite.",Martin Scorsese,403342
Unforgiven,130 min,"Drama, Western",8.2,"Retired Old West gunslinger William Munny reluctantly takes on one last job, with the help of his old partner and a young man.",Clint Eastwood,332233
Idi i smotri,142 min,"Drama, War",8.2,"After finding an old rifle, a young boy joins the Soviet resistance movement against ruthless German forces and experiences the horrors of World War II.",Elem Klimov,41436
Ran,162 min,"Action, Drama",8.2,"In Medieval Japan, an elderly warlord retires, handing over his empire to his three sons. However, he vastly underestimates how the new-found power will corrupt them and cause them to turn on each other...and him.",Akira Kurosawa,97127
Raging Bull,129 min,"Biography, Drama, Sport",8.2,"The life of boxer Jake LaMotta, as the violence and temper that leads him to the top in the ring destroys his life outside of it.",Martin Scorsese,280593
The Elephant Man,124 min,"Biography, Drama",8.2,"A Victorian surgeon rescues a heavily disfigured man who is mistreated while scraping a living as a side-show freak. Behind his monstrous facade, there is revealed a person of intelligence and sensitivity.",David Lynch,195921
Chinatown,130 min,"Drama, Mystery, Thriller",8.2,"A private detective hired to expose an adulterer finds himself caught up in a web of deceit, corruption, and murder.",Roman Polanski,259494
Andrei Rublev,205 min,"Biography, Drama, History",8.2,"The life, times and afflictions of the fifteenth-century Russian iconographer.",Andrei Tarkovsky,37108
The Great Escape,172 min,"Adventure, Drama, History",8.2,Allied prisoners of war plan for several hundred of their number to escape from a German camp during World War II.,John Sturges,200458
Judgment at Nuremberg,186 min,"Drama, War",8.2,"In 1948, an American court in occupied Germany tries four Nazi judges for war crimes.",Stanley Kramer,59955
Smultronstallet,91 min,"Drama, Romance",8.2,"After living a life marked by coldness, an aging professor is forced to confront the emptiness of his existence.",Ingmar Bergman,81734
Det sjunde inseglet,96 min,"Drama, Fantasy",8.2,"A man seeks answers about life, death, and the existence of God as he plays chess against the Grim Reaper during the Black Plague.",Ingmar Bergman,139380
The Bridge on the River Kwai,161 min,"Adventure, Drama, War",8.2,"After settling his differences with a Japanese P.O.W. camp commander, a British Colonel co-operates to oversee his men's construction of a railway bridge for their captors, while oblivious to a plan by the Allies to destroy it.",David Lean,182032
On the Waterfront,108 min,"Crime, Drama, Thriller",8.2,An ex-prize fighter turned longshoreman struggles to stand up to his corrupt union bosses.,Elia Kazan,125622
Tokyo monogatari,136 min,Drama,8.2,An old couple visit their children and grandchildren in the city,but the children have little time for them.,Yasujiro Ozu
The Treasure of the Sierra Madre,126 min,"Adventure, Drama, Western",8.2,"Fred Dobbs and Bob Curtin, two Americans searching for work in Mexico, convince an old prospector to help them mine for gold in the Sierra Madre Mountains.",John Huston,99218
Mr. Smith Goes to Washington,129 min,"Comedy, Drama",8.2,"A naive man is appointed to fill a vacancy in the United States Senate. His plans promptly collide with political corruption, but he doesn't back down.",Frank Capra,96110
Gone with the Wind,238 min,"Drama, History, Romance",8.2,A manipulative woman and a roguish man conduct a turbulent romance during the American Civil War and Reconstruction periods.,Victor Fleming,258047
La passion de Jeanne d'Arc,110 min,"Biography, Drama, History",8.2,"In 1431, Jeanne d'Arc is placed on trial on charges of heresy. The ecclesiastical jurists attempt to force Jeanne to recant her claims of holy visions.",Carl Theodor Dreyer,39137
Sunrise: A Song of Two Humans,94 min,"Drama, Romance",8.2,An allegorical tale about a man fighting the good and evil within him. Both sides are made flesh - one a sophisticated woman he is attracted to and the other his wife.,F.W. Murnau,41896
The General,67 min,"Action, Adventure, Comedy",8.2,"When Union spies steal an engineer's beloved locomotive, he pursues it single-handedly and straight through enemy lines.",Clyde Bruckman,69789
The Gold Rush,95 min,"Adventure, Comedy, Drama",8.2,A prospector goes to the Klondike in search of gold and finds it and more.,Charles Chaplin,87084
Ah-ga-ssi,144 min,"Drama, Romance, Thriller",8.1,"A woman is hired as a handmaiden to a Japanese heiress, but secretly she is involved in a plot to defraud her.",Chan-wook Park,71310
Logan,137 min,"Action, Drama, Sci-Fi",8.1,"In the near future, a weary Logan cares for an ailing Professor X. However, Logan's attempts to hide from the world and his legacy are upended when a young mutant arrives, pursued by dark forces.",James Mangold,526373
Relatos salvajes,122 min,"Comedy, Drama, Thriller",8.1,Six short stories that explore the extremities of human behavior involving people in distress.,Damien Szifron,144377
The Grand Budapest Hotel,99 min,"Adventure, Comedy, Drama",8.1,"The adventures of Gustave H, a legendary concierge at a famous hotel from the fictional Republic of Zubrowka between the first and second World Wars, and Zero Moustafa, the lobby boy who becomes his most trusted friend.",Wes Anderson,613739
Gone Girl,149 min,"Crime, Drama, Mystery",8.1,"With his wife's disappearance having become the focus of an intense media circus, a man sees the spotlight turned on him when it's suspected that he may not be innocent.",David Fincher,734678
Hacksaw Ridge,139 min,"Biography, Drama, History",8.1,"World War II American Army Medic Desmond T. Doss, who served during the Battle of Okinawa, refuses to kill people, and becomes the first man in American history to receive the Medal of Honor without firing a shot.",Mel Gibson,347118
12 Years a Slave,134 min,"Biography, Drama, History",8.1,"In the antebellum United States, Solomon Northup, a free black man from upstate New York, is abducted and sold into slavery.",Steve McQueen,559952
Rush,123 min,"Action, Biography, Drama",8.1,The merciless 1970s rivalry between Formula One rivals James Hunt and Niki Lauda.,Ron Howard,382742
Spotlight,129 min,"Crime, Drama, History",8.1,"The true story of how the Boston Globe uncovered the massive scandal of child molestation and cover-up within the local Catholic Archdiocese, shaking the entire Catholic Church to its core.",Tom McCarthy,347781
The Help,146 min,Drama,8.1,"An aspiring author during the civil rights movement of the 1960s decides to write a book detailing the African American maids' point of view on the white families for which they work, and the hardships they go through on a daily basis.",Tate Taylor,382848
Prisoners,153 min,"Crime, Drama, Mystery",8.1,"When Keller Dover's daughter and her friend go missing, he takes matters into his own hands as the police pursue multiple leads and the pressure mounts.",Denis Villeneuve,508296
Gran Torino,116 min,Drama,8.1,"Disgruntled Korean War veteran Walt Kowalski sets out to reform his neighbor, a Hmong teenager who tried to steal Kowalski's prized possession: a 1972 Gran Torino.",Clint Eastwood,655778
Harry Potter and the Deathly Hallows: Part 2,130 min,"Adventure, Drama, Fantasy",8.1,"Harry, Ron, and Hermione search for Voldemort's remaining Horcruxes in their effort to destroy the Dark Lord as the final battle rages on at Hogwarts.",David Yates,671216
Hachi: A Dog's Tale,93 min,"Drama, Family",8.1,A college professor's bond with the abandoned dog he takes into his home.,Lasse Hallstrom,215557
Mary and Max,92 min,"Animation, Comedy, Drama",8.1,"A tale of friendship between two unlikely pen pals: Mary, a lonely, eight-year-old girl living in the suburbs of Melbourne, and Max, a forty-four-year old, severely obese man living in New York.",Adam Elliot,147522
Into the Wild,148 min,"Adventure, Biography, Drama",8.1,"After graduating from Emory University, top student and athlete Christopher McCandless abandons his possessions, gives his entire $24,000 savings account to charity and hitchhikes to Alaska to live in the wilderness. Along the way, Christopher encounters a series of characters that shape his life.",Sean Penn,513121
No Country for Old Men,122 min,"Crime, Drama, Thriller",8.1,Violence and mayhem ensue after a hunter stumbles upon a drug deal gone wrong and more than two million dollars in cash near the Rio Grande.,Ethan Coen,745125
Million Dollar Baby,132 min,"Drama, Sport",8.1,A determined woman works with a hardened boxing trainer to become a professional.,Clint Eastwood,573327
Hotel Rwanda,121 min,"Biography, Drama, History",8.1,Paul Rusesabagina was a hotel manager who housed over a thousand Tutsi refugees during their struggle against the Hutu militia in Rwanda.,Terry George,307510
Before Sunset,80 min,"Drama, Romance",8.1,"Nine years after Jesse and Celine first met, they encounter each other again on the French leg of Jesse's book tour.",Richard Linklater,201826
Salinui chueok,131 min,"Action, Crime, Drama",8.1,"In a small Korean province in 1986, three detectives struggle with the case of multiple young women being found raped and murdered by an unknown culprit.",Joon-ho Bong,96084
Catch Me If You Can,141 min,"Biography, Crime, Drama",8.1,"A seasoned FBI agent pursues Frank Abagnale Jr. who, before his 19th birthday, successfully forged millions of dollars' worth of checks while posing as a Pan Am pilot, a doctor, and a legal prosecutor.",Steven Spielberg,690486
Donnie Darko,113 min,"Drama, Sci-Fi, Thriller",8.1,"A troubled teenager is plagued by visions of a man in a large rabbit suit who manipulates him to commit a series of crimes, after he narrowly escapes a bizarre accident.",Richard Kelly,683452
Amores perros,154 min,"Drama, Thriller",8.1,"A horrific car accident connects three stories, each involving characters dealing with loss, regret, and life's harsh realities, all in the name of love.",Alejandro G. Inarritu,203201
The Sixth Sense,107 min,"Drama, Mystery, Thriller",8.1,A boy who communicates with spirits seeks the help of a disheartened child psychologist.,M. Night Shyamalan,824613
The Truman Show,103 min,"Comedy, Drama, Sci-Fi",8.1,An insurance salesman/adjuster discovers his entire life is actually a television show.,Peter Weir,812771
Faa yeung nin wa,98 min,"Drama, Romance",8.1,"Two neighbors, a woman and a man, form a strong bond after both suspect extramarital activities of their spouses. However, they agree to keep their bond platonic so as not to commit similar wrongs.",Kar-Wai Wong,101801
Fargo,98 min,"Crime, Drama, Thriller",8.1,Jerry Lundegaard's inept crime falls apart due to his and his henchmen's bungling and the persistent police work of the quite pregnant Marge Gunderson.,Joel Coen,547384
La haine,98 min,"Crime, Drama",8.1,24 hours in the lives of three young men in the French suburbs the day after a violent riot.,Mathieu Kassovitz,128707
Before Sunrise,101 min,"Drama, Romance",8.1,"A young man and woman meet on a train in Europe, and wind up spending one evening together in Vienna. Unfortunately, both know that this will probably be their only night together.",Richard Linklater,230920
In the Name of the Father,133 min,"Biography, Drama",8.1,A man's coerced confession to an IRA bombing he did not commit results in the imprisonment of his father as well. An English lawyer fights to free them.,Jim Sheridan,137795
Dead Poets Society,128 min,"Comedy, Drama",8.1,English teacher John Keating inspires his students to look at poetry with a different perspective of authentic knowledge and feelings.,Peter Weir,354200
Tenku no shiro Rapyuta,125 min,"Animation, Adventure, Drama",8.1,A young boy and a girl with a magic crystal must race against pirates and foreign agents in a search for a legendary floating castle.,Hayao Miyazaki,123405
Stand by Me,89 min,"Adventure, Drama",8.1,"After the death of a friend, a writer recounts a boyhood journey to find the body of a missing boy.",Rob Reiner,325875
Platoon,120 min,"Drama, War",8.1,A young soldier in Vietnam faces a moral crisis when confronted with the horrors of war and the duality of man.,Oliver Stone,343847
"Paris, Texas",145 min,Drama,8.1,"Travis Henderson, an aimless drifter who has been missing for four years, wanders out of the desert and must reconnect with society, himself, his life, and his family.",Wim Wenders,71290
Gandhi,191 min,"Biography, Drama, History",8.1,"Gandhi's character is fully explained as a man of nonviolence. Through his patience, he is able to drive the British out of the subcontinent. And the stubborn nature of Jinnah and his commitment towards Pakistan is portrayed.",Richard Attenborough,203261
Fanny och Alexander,188 min,Drama,8.1,"Two young Swedish children experience the many comedies and tragedies of their family, the Ekdahls.",Ingmar Bergman,50942
Stalker,162 min,"Drama, Sci-Fi",8.1,A guide leads two men through an area known as the Zone to find a room that grants wishes.,Andrei Tarkovsky,94066
The Deer Hunter,183 min,"Drama, War",8.1,An in-depth examination of the ways in which the U.S. Vietnam War impacts and disrupts the lives of people in a small industrial town in Pennsylvania.,Michael Cimino,278138
Rocky,120 min,"Drama, Sport",8.1,A small-time boxer gets a supremely rare chance to fight a heavy-weight champion in a bout in which he strives to go the distance for his self-respect.,John G. Avildsen,459149
Network,121 min,Drama,8.1,A television network cynically exploits a deranged former anchor's ravings and revelations about the news media for its own profit.,Sidney Lumet,127807
Barry Lyndon,185 min,"Adventure, Drama, History",8.1,An Irish rogue wins the heart of a rich widow and assumes her dead husband's aristocratic position in 18th-century England.,Stanley Kubrick,128411
Paper Moon,102 min,"Comedy, Drama",8.1,"During the Great Depression, a con man finds himself saddled with a young girl who may or may not be his daughter, and the two forge an unlikely partnership.",Peter Bogdanovich,36726
Butch Cassidy and the Sundance Kid,110 min,"Biography, Crime, Drama",8.1,"Wyoming, early 1900s. Butch Cassidy and The Sundance Kid are the leaders of a band of outlaws. After a train robbery goes wrong they find themselves on the run with a posse hard on their heels. Their solution - escape to Bolivia.",George Roy Hill,182880
Cool Hand Luke,126 min,"Crime, Drama",8.1,"A laid back Southern man is sentenced to two years in a rural prison, but refuses to conform.",Stuart Rosenberg,144513
Persona,85 min,"Drama, Thriller",8.1,A nurse is put in charge of a mute actress and finds that their personae are melding together.,Ingmar Bergman,83812
81/2,138 min,Drama,8.1,A harried movie director retreats into his memories and fantasies.,Federico Fellini,97300
Sanjuro,96 min,"Action, Crime, Drama",8.1,"A crafty samurai helps a young man and his fellow clansmen save his uncle, who has been framed and imprisoned by a corrupt superintendent.",Akira Kurosawa,26490
Les quatre cents coups,99 min,"Crime, Drama",8.1,"A young boy, left without attention, delves into a life of petty crime.",Francois Truffaut,89563
Ben-Hur,212 min,"Adventure, Drama, History",8.1,"When a Jewish prince is betrayed and sent into slavery by a Roman friend, he regains his freedom and comes back for revenge.",William Wyler,196725
Le notti di Cabiria,110 min,Drama,8.1,A waifish prostitute wanders the streets of Rome looking for true love but finds only heartbreak.,Federico Fellini,37497
Les diaboliques,117 min,"Crime, Drama, Horror",8.1,The wife and mistress of a loathed school principal hatch a plan to murder him while having the perfect alibi. They carry out the plan...but then his body disappears.,Henri-Georges Clouzot,55025
Le salaire de la peur,131 min,"Adventure, Drama, Thriller",8.1,"In a decrepit South American village, four men are hired to transport an urgent nitroglycerine shipment without the equipment that would make it safe.",Henri-Georges Clouzot,46942
The Best Years of Our Lives,170 min,"Drama, Romance, War",8.1,Three World War II veterans return home to small-town America to discover that they and their families have been irreparably changed.,William Wyler,52029
Rebecca,130 min,"Drama, Mystery, Romance",8.1,A self-conscious bride is tormented by the memory of her husband's dead first wife.,Alfred Hitchcock,108290
The Grapes of Wrath,129 min,"Drama, History",8.1,"A poor Midwest family is forced off their land. They travel to California, suffering the misfortunes of the homeless in the Great Depression.",John Ford,79050
Jaws,124 min,"Adventure, Drama, Thriller",8.0,"When a killer shark unleashes chaos on a beach resort, it's up to a local sheriff, a marine biologist, and an old seafarer to hunt the beast down.",Steven Spielberg,497068
